title,slope,intercept,corr,p,std
3,-0.005466428027136712,11.8272736634943,-0.5664763046476533,4.771209964653494e-07,0.0009788547513987788
accountant,-0.00046760138309309213,0.9735482199689898,-0.4043185636890325,0.0006272803943208778,0.0001302026996126536
acrobat,-0.00014149077920360388,0.28626491566713574,-0.47325017097885524,4.5878128018291826e-05,3.2419464930385975e-05
actor,-0.00033459812357730336,0.8051151779916192,-0.1756496622723417,0.1519275179193402,0.000230833632600645
actress,-0.0011395516312336464,2.3626344076619863,-0.42328965304596716,0.0003225639916177348,0.00030022710911386787
acupuncturist,2.212548989928673e-05,-0.04314512544973383,0.4428877241250896,0.00015555024183982815,5.51334181192689e-06
adjuster,-9.974501646223518e-06,0.02125190794287,-0.10368633300170964,0.4001021870619482,1.177743089998715e-05
administrator,-0.0002527725191803626,0.5170148766871633,-0.41029656511903256,0.0005108211226893951,6.915634951596236e-05
admiral,-0.00264760858522937,5.377484223568921,-0.4171577745795844,0.00040164299479806214,0.000710012634044387
adviser,-2.988640246944436e-06,0.016629587035819612,-0.00972857211992774,0.9372407328545953,3.7812206170505164e-05
advisor,8.168252826667474e-05,-0.13965046828093755,0.16995311862845777,0.16587225148299653,5.8299335744401396e-05
advocate,-1.28386268845744e-05,0.04430915692872864,-0.021500991401649974,0.8618382298755369,7.348314164398886e-05
agent,0.0047991745152722795,-9.187417674744214,0.7234004944505098,3.2162157025965617e-12,0.0005638123440118548
aide,-0.00014175654382084024,0.29843799061000453,-0.30701345602568597,0.010878272419757253,5.408989870400838e-05
airman,-0.00014011731175915212,0.2831184983743961,-0.21215220743041785,0.08241399028982034,7.944599587903406e-05
alderman,3.8582053093352215e-05,-0.07086766384408089,0.10394049289772991,0.3989418465567126,4.54432990607805e-05
analyst,1.4556005354210166e-05,-0.016878305547252885,0.0455688915904924,0.7121308831810609,3.9278092958814826e-05
anchor,-0.0007628468925104603,1.5578636028091728,-0.4142781492592791,0.00044456882184967155,0.0002062939611383756
anesthesiologist,4.12752464895335e-05,-0.0801167887785886,0.39253024071874254,0.0009301788513858371,1.1904447284707185e-05
animator,8.346910882744209e-06,-0.014550303826326244,0.04623343150636741,0.7081196670595258,2.2198980250476144e-05
announcer,0.0009655157521161249,-1.7625546419999896,0.20401114953993763,0.09517093759115129,0.000570298513285962
anthropologist,-4.262957256102831e-07,0.005108404034588742,-0.002450989003563777,0.9841736570711261,2.1408998071415176e-05
apothecary,-0.00010154664092976924,0.205255728856778,-0.28901593466636816,0.016832086267387632,4.140291156599303e-05
applications,0.00011269964461455413,-0.21173253840619605,0.31532346665738475,0.008813572532551337,4.174969354588101e-05
appraiser,-1.888942447501338e-05,0.03905529439151374,-0.12823380227482545,0.29734293868028516,1.7982240625315502e-05
apprentice,-0.000121059391051899,0.261217192767746,-0.2747428304533316,0.02336527321498475,5.215037714091108e-05
archaeologist,3.688614173695183e-05,-0.06590745188257452,0.13567332253280612,0.269958198318459,3.315602612915154e-05
architect,-0.0004554079817655818,0.9453773523275673,-0.3984167733713353,0.0007654356468172743,0.00012904976794502458
archivist,-0.0002006463035507659,0.4014288352845749,-0.19695933946394145,0.10742638917912466,0.00012293939824312015
artillery,-0.0012895959183352045,2.6049542452932877,-0.6876860338432258,9.298608080955963e-11,0.00016758417617053115
artist,-0.0012107724808181224,2.5901746414277036,-0.411998214230912,0.00048147766320847697,0.0003296109540829662
assessment,0.0003518238892033478,-0.684217921057753,0.7250274851472857,2.725177685175776e-12,4.1137845161047676e-05
assessor,-7.382924605299384e-05,0.14946907387157976,-0.2709814707515083,0.02540805725792771,3.2281652860922995e-05
assistant,-0.0004513083041801314,1.0846327413287098,-0.2927139726758625,0.015420743381215867,0.00018147076239496374
assistants,-0.00024893797347604903,0.5126091919655004,-0.4482097087117885,0.0001266165423209079,6.111399539709702e-05
associate,0.00015962922207355917,-0.27172293594466695,0.3081748461070082,0.010566575212754191,6.0656076231968346e-05
astronomer,2.022373775683863e-06,0.002074397908607171,0.006724737211309669,0.9565956854236712,3.7017264281834543e-05
astrophysicist,2.8859150130437463e-05,-0.05624500526186837,0.4496385865884795,0.00011974062676900298,7.056703248290111e-06
athlete,0.00016687929886938374,-0.3089552725306525,0.3229745012221044,0.007223883291578596,6.0192240931518255e-05
attendant,-0.00016214490968382628,0.3444214159057113,-0.28290289990403517,0.019408063605523444,6.766745279976e-05
attorney,-0.0008649199306687695,1.8885699654452173,-0.20362678210309706,0.09580942189152857,0.0005118860371542108
auctioneer,-9.408036710804418e-05,0.1936964327590657,-0.16996271241399888,0.16584800167407898,6.714415209812462e-05
auditor,-5.1451835805902433e-05,0.10582792099874175,-0.1382904523631298,0.260740034466794,4.5356936008513736e-05
author,-0.0002715874262433949,0.5891648761399093,-0.277829755985699,0.021794478762013056,0.00011558865963315831
back,-0.0392865481891141,88.78249946324036,-0.5311190503662058,3.167382052668733e-06,0.00771464239306269
bagger,2.8436222520672797e-05,-0.05525262786243752,0.25945506221171183,0.03263131633874383,1.3028812514309795e-05
bailiff,-0.00038599943958952574,0.7833680403682346,-0.4159371342597221,0.00041935440653408687,0.000103881639316871
baker,-0.0013750088691532457,2.8196629392533925,-0.5203992306992019,5.3954774961203566e-06,0.0002777254262266408
ballerina,-8.568791812242633e-05,0.17967601408303024,-0.16822421706557272,0.17028499306520378,6.180524696327974e-05
banker,-0.00046255557801899337,0.9529296710180373,-0.546496180069223,1.4279317425493244e-06,8.725086168096639e-05
barber,-0.0008685153042705245,1.76335976697319,-0.6958284409774623,4.507900355159768e-11,0.00011034523682738023
barista,7.759206490234851e-05,-0.15280507659241724,0.6618236980963772,7.99757699616285e-10,1.0818500937853161e-05
baritone,-4.1452793955372694e-05,0.08476663775148781,-0.26523078206113404,0.0288220496329204,1.854890452138872e-05
barkeep,3.3234193363065205e-05,-0.06308648818744816,0.3186779371314372,0.008082471658365599,1.2167651817885149e-05
basic,0.0004276403842785067,-0.7640302528878016,0.44666849652522084,0.00013443919027203948,0.000105438357312194
beautician,1.33824148029823e-05,-0.024200017870605665,0.1107667332316152,0.368523304711709,1.4779932644002866e-05
bender,0.00013359212760038024,-0.24027186166102696,0.10769611353746261,0.3820277256317436,0.0001518013297628197
biochemist,6.633176037745978e-06,-0.011743815675457204,0.06718911836219525,0.5861666826727365,1.2124619240246477e-05
biographer,8.439035438833307e-06,-0.015112678963097538,0.09080607920853197,0.4614588057596052,1.1392209293112276e-05
biologist,9.343176466250433e-05,-0.17936357299965158,0.4611206783790647,7.576021564240757e-05,2.2130783451003775e-05
blaster,0.0001228994676563983,-0.2370433449312353,0.3028577325757472,0.012059908680546867,4.7604561834469804e-05
blender,0.00020260252041381035,-0.39446915822681294,0.6887343091992253,8.482203466438008e-11,2.6252305420219655e-05
blower,5.448609258858734e-05,-0.10060395249946702,0.15110390231290802,0.21869324218795586,4.387554738261154e-05
boatswain,-0.00021840137498911922,0.43823947624426035,-0.5169321656495103,6.385242919288432e-06,4.4518137269431976e-05
bodyguard,0.0001448857284939072,-0.2542397153406092,0.19725038367580316,0.10689753141279264,8.863766976143621e-05
bondsman,1.3426729119072e-05,-0.024720758913944506,0.12973902911846125,0.2916608794941955,1.2631107623411956e-05
bookie,-0.00017939404169625716,0.3684130207301044,-0.33302095993777164,0.005521310623751395,6.25228923633206e-05
bookkeeper,-0.00032972074796582267,0.6623932812399588,-0.5553154109132399,8.879403385865934e-07,6.07812825093613e-05
boss,-0.006134890227889322,13.12830733219188,-0.5459765916928758,1.4678448548380263e-06,0.0011587810505140563
bouncer,0.0001252572115835713,-0.24205801912933564,0.5573190813485676,7.955693955602083e-07,2.2970003574888966e-05
bowler,-9.373278846875746e-07,0.010277823167852744,-0.002588367520985765,0.983286710194433,4.457508426982041e-05
boxer,-0.00012151606192690416,0.27137192534176996,-0.10618637267314618,0.38877480727268166,0.00014006530492910926
breaker,0.00024712943125723556,-0.4750876231678203,0.41702711572135703,0.00040350567338655406,6.629815847834212e-05
breeder,4.3119265194421185e-06,-0.004342400694459493,0.02980045201707962,0.8093703648473598,1.7802607012985178e-05
bricklayer,-0.00010508266948682356,0.21215669771465887,-0.38471703140620317,0.001198289134782834,3.103385166906179e-05
broker,3.551202758955239e-05,-0.05110944189116279,0.07751617050040455,0.5298007138924279,5.62215055783675e-05
buffer,0.0002276925331569753,-0.44542351308841993,0.5295092806171756,3.4351421435745116e-06,4.4900878021772225e-05
bugler,-0.00034567015643653735,0.6912505928261627,-0.3865985765497347,0.0011280220645591666,0.0001015026620841265
builder,1.2739493643079125e-06,0.011275839271589004,0.0033108107634009934,0.9786228099030416,4.736346425150332e-05
buster,-0.0006541245787579494,1.3464580567233209,-0.36282762812403246,0.0023592718333129916,0.0002067935950445707
butcher,-0.000695200906264898,1.4399541446292512,-0.5036584893086514,1.1965558087215848e-05,0.0001467800758173211
butler,-0.0008375775571495754,1.7191503271697919,-0.40920284685987635,0.0005305314962173089,0.00022989015366722303
buyer,4.8374569001589106e-05,-0.06431860148991866,0.09298588671693321,0.4507282493072361,6.37591330874445e-05
caddy,2.039731881022579e-05,-0.032050909614177864,0.04992420460138788,0.6859882740396964,5.022825180079483e-05
cadet,-0.00045571783386717205,0.9291676919016721,-0.29807233503011843,0.013556815207567874,0.0001796379183250497
caller,0.00041398947517956147,-0.7983855806474004,0.48548417239865377,2.7128033113298763e-05,9.176469821503914e-05
cantor,-6.702634665163439e-05,0.1365407511692236,-0.19860781728339097,0.10445751346772301,4.071349128475901e-05
captain,-0.035402350450230775,71.77898764554868,-0.8741594603229375,2.206363806496203e-22,0.0024209344079404675
cardiologist,8.947638655893324e-05,-0.17463001012622925,0.6782972165681547,2.082475639145336e-10,1.1931039425793962e-05
caregiver,4.7373585953264556e-05,-0.0930021594755684,0.6839588112338758,1.2852279647267928e-10,6.219735539794883e-06
caretaker,-0.00022329960619970292,0.46429549858609037,-0.3370779653142086,0.004941089151664923,7.677065020969677e-05
carpenter,-0.000913279869320196,1.8496558127823122,-0.45873314161945933,8.343780460069647e-05,0.00021775364978479227
carrier,-0.00022423876607533447,0.4795844893541687,-0.24167076183479247,0.04709360817788597,0.00011082729768159232
cartoonist,3.2160080972517838e-06,-0.004281187826142478,0.020092553735184624,0.8708081880082502,1.9698009607336306e-05
carver,-0.0001279239608936806,0.27214243082390904,-0.12746837518879447,0.3002598812578847,0.00012252374228374424
caseworker,3.8812714275756686e-05,-0.07615188224041845,0.6262455058916333,1.1190982691519663e-08,5.947626550963666e-06
cashier,-0.000449588784922083,0.9149635322250355,-0.6529478295141423,1.5959058521370112e-09,6.419363588065624e-05
caster,3.183002275066943e-05,-0.06190669400978322,0.24950880269478606,0.04017620261752322,1.5206230538084282e-05
catcher,4.2578842947688096e-05,-0.07306272089427074,0.11307470283291943,0.3585666433691428,4.605344364434086e-05
cellist,-6.652940085900346e-06,0.014973153952285536,-0.0533169435555721,0.665873059643308,1.533762929211564e-05
chair,-0.0022747258969609595,4.773949013851179,-0.6688228703267831,4.5621581348410914e-10,0.00031122987561168445
chambermaid,-0.00014348938912185874,0.28917593187438617,-0.5972306725993981,7.612284661021207e-08,2.3720166352002794e-05
changer,0.00012092205691686188,-0.2369098148516725,0.628867272813474,9.319149552437092e-09,1.8402720898578176e-05
chaplain,-0.0006258990391230856,1.2626868062646894,-0.5626042046424049,5.933833674432631e-07,0.0001132116551296006
chaser,-8.541008624041579e-05,0.17753430510661256,-0.3619055823578582,0.0024251149538860044,2.7080575104217593e-05
checker,-7.064233078014365e-06,0.01746137452422282,-0.042853329201665555,0.7286022071143723,2.0272595153007645e-05
chef,0.0031477566925916254,-6.146829823593212,0.4979738615096234,1.5534763346696407e-05,0.0006747422784894216
chemist,-0.0004364577562533539,0.8860411504752774,-0.4008917420406102,0.000704448497328554,0.0001227716459082617
chief,-0.009513682050033776,19.6368979527897,-0.543988354986362,1.630457015069697e-06,0.0018063297684957267
cleaner,-9.260553324572524e-05,0.22953604091921784,-0.13736993786591872,0.26395774003315847,8.219330320223448e-05
clerk,-0.0018779501518823695,3.8057200748195106,-0.7600270188140873,5.657640382035787e-14,0.00019766232599835985
closer,-0.0007872813577275242,1.862230584532584,-0.4052582640833436,0.0006075059876226726,0.00021860918354181275
clown,-8.334183948403642e-05,0.25139048341884046,-0.04734698265830085,0.7014159348844023,0.00021642701680174353
coach,0.0020160867550714145,-3.801481798350037,0.4122973827933535,0.00047648042417211284,0.0005483635259657377
cobbler,-0.0002466328917981898,0.4995124799237525,-0.18810780836018887,0.1244973863785621,0.0001585073156560306
collector,-0.00029427269843896936,0.6194645686447086,-0.4140396320296646,0.00044830549740272076,7.963445320810789e-05
columnist,-8.223038707376908e-05,0.16751541436407402,-0.35002870633404937,0.00343272654455504,2.7087897263524615e-05
comedian,0.0001850124973044712,-0.34527573504265374,0.3958087590017838,0.0008348481610789105,5.2837695657632704e-05
commander,-0.003815112010064159,7.985128570616695,-0.34048111080266574,0.004496636597701836,0.0012968396218010468
commentator,0.00026168223038716963,-0.5080900985547312,0.4320021178552724,0.00023451553588551828,6.724524456047507e-05
commissioner,-0.002655557180223431,5.40976404954603,-0.528767144875086,3.565595986338447e-06,0.0005246959098213187
communicator,8.385442436622773e-06,-0.007740000649509977,0.012812269888286707,0.9174089152083837,8.055496016502317e-05
companion,-0.0007798460307766263,1.6055834942843805,-0.5977644125046977,7.36104200176014e-08,0.00012873702241533827
composer,-0.0004599436120276639,0.9337775578954146,-0.5221010225771863,4.963985270352552e-06,9.248426924929424e-05
compressor,-3.772297390173699e-05,0.07838019087511089,-0.1851246831279378,0.1306937488589301,2.4648882264385825e-05
comptroller,2.429648158877965e-05,-0.04722192283674634,0.2724779058842297,0.02457795176808704,1.0560593969200878e-05
concierge,-0.0001926909489083679,0.39546852442189495,-0.4204225837656293,0.00035757299856844523,5.118796004819451e-05
conductor,-0.0008279322619476029,1.6755274898878245,-0.6562753906550826,1.2350490822270544e-09,0.00011716780854315695
constable,-0.0005062745153322558,1.0622052943946583,-0.2950538279669,0.01458133114394102,0.0002018063063492457
consultant,0.00035007784615773304,-0.6771949924382438,0.8276692557210846,3.2536328225902767e-18,2.9219045333947255e-05
contractor,0.00016774632012234202,-0.31767580847939114,0.375848922519193,0.0015856151403038463,5.090939790471267e-05
control,0.003975436568307905,-7.144925941789827,0.40355823459785883,0.0006437063949372139,0.001109445284917024
controller,-0.00022473664405877984,0.4644923592225794,-0.23513498237931557,0.05358443241677957,0.00011434950459369803
converter,7.409854742840458e-06,-0.010952789671174995,0.03158634861109693,0.7981805952942709,2.8861676003267707e-05
cook,-0.0025545386569508595,5.36452023667953,-0.5831924434257706,1.8012102065080066e-07,0.00043798906651991757
cooker,-2.521534778910086e-05,0.0561605685226188,-0.11860659727869555,0.33538296110370425,2.59841033086483e-05
coordinator,0.00011210804918590702,-0.21554811154825582,0.38965342718991136,0.0010218298690723967,3.261578485933782e-05
cop,0.003956921441365923,-7.495357422647684,0.5495429314733475,1.2136563549987518e-06,0.0007404783137821656
copywriter,7.199670384520686e-06,-0.013307041593087262,0.07706633850229257,0.5321986958494854,1.1465219933475042e-05
correspondent,-0.00021279113127351223,0.43561559168970043,-0.36767988646365957,0.002038414206515338,6.624794500190829e-05
councilor,-0.00017602776937947526,0.3584719787834087,-0.222330615399537,0.06841317062133545,9.501710486909866e-05
counsel,-0.0010307610351158727,2.116028610877686,-0.42341232941284657,0.0003211384428982554,0.00027146919957248125
counselor,-0.0002720952128492485,0.60526246417029,-0.1178892759894207,0.33833476545407193,0.0002821211066030474
courier,-0.00024395498597945534,0.5087075173119352,-0.36973096424726637,0.001914977594279177,7.546273303152548e-05
craftsman,-8.101764428364057e-05,0.16670048863827228,-0.3778017493567972,0.0014917693411930393,2.4440013288626055e-05
crewman,-7.3746717690594e-05,0.15372338769333857,-0.10783440066530262,0.3814132443684326,8.368999829440959e-05
critic,-0.00018024402483638846,0.3780839686805834,-0.3827429226252725,0.0012762373269352369,5.355320919863406e-05
cuisine,0.0001549760935766042,-0.2957301926107212,0.4775200252937378,3.827803383654072e-05,3.509964028492895e-05
curator,-3.038453788692189e-05,0.06779962012442844,-0.07234490708988005,0.5576872973623775,5.1562411205444524e-05
custodian,-4.9228534542684087e-05,0.1028300132884069,-0.1861735264428006,0.12848905932754273,3.197915875140973e-05
cutter,-3.411511101141528e-05,0.09184217854050403,-0.0316562914378226,0.7977431667523996,0.00013258581686143855
cyclist,-3.192977298515118e-05,0.06736517430134165,-0.1729161404126673,0.1585060118810766,2.238703529305656e-05
dancer,-0.0013592650961003054,2.791193829181671,-0.619567106031801,1.770326763836552e-08,0.00021197388000455066
dealer,0.0004971458067128557,-0.9064634231234102,0.3679413203327409,0.002022293976485069,0.00015464849013586157
dean,0.0019954666003279497,-3.847487899352519,0.6582908342140419,1.0558026077069313e-09,0.0002808751719759929
decorator,-7.18318191291208e-05,0.15155103624061986,-0.27553218434940807,0.02295474148234514,3.084805745142365e-05
deejay,0.0001144835973435797,-0.2234586580605349,0.5609716177089202,6.499907323994809e-07,2.07957320517508e-05
defender,6.607049127692979e-05,-0.11750262424432366,0.1798111382555563,0.14230564914281163,4.449202346771009e-05
deliverer,-8.720067777935507e-05,0.1752753184821159,-0.1837844221006121,0.13355258452713517,5.740873082180277e-05
dentist,-5.776026631660106e-05,0.16497122034723027,-0.0688624553120662,0.5768515632542257,0.00010300126204215777
deputy,-0.001052661722916502,2.1933794795689647,-0.46298869387991576,7.021415378386572e-05,0.0002480611069803794
dermatologist,5.732892420564474e-05,-0.11178983910491802,0.6375775594239201,5.0103290957975525e-09,8.526627311713303e-06
designer,0.00030948696822935806,-0.568191317861979,0.3636992183634064,0.002298506690633741,9.757050556270725e-05
detective,0.005931580807802469,-11.439064614783442,0.8107941499036816,5.331674824944156e-17,0.0005270959734447465
developer,0.00015340957448225855,-0.299449558228475,0.761966919814136,4.477581393158657e-14,1.6049515030097124e-05
digger,-4.869205210143942e-05,0.11479043121986894,-0.042138223672665384,0.7329605031442492,0.0001421097810578329
dipper,2.2583647303251663e-05,-0.03857546643042085,0.07171039763430195,0.5611564032109506,3.8665216771317486e-05
director,-0.0013159183002824403,2.9614345021709085,-0.313699681450919,0.009187752555100006,0.0004902843477792603
dishwasher,6.930714586460327e-05,-0.12743193482835882,0.20922844527736115,0.08682974035008502,3.987172410783054e-05
dispatcher,2.88776749969629e-05,-0.04047816132294996,0.05159296443000404,0.6760661155356129,6.880515756195903e-05
dispenser,3.7605446165454554e-05,-0.07143343704908936,0.2549007205352145,0.03592430065228669,1.7559796187676002e-05
distributor,1.9081096161675183e-05,-0.03023071820433422,0.07962535732272355,0.5186290176393533,2.940348576458175e-05
diver,-0.0002419498468332606,0.49720045793212686,-0.30404793120275914,0.01171063708772972,9.331420777879689e-05
doctor,-0.037969977820701044,77.44255076447168,-0.8913286870875705,2.311805797980173e-24,0.002377231373727042
draper,6.565401848597515e-05,-0.1235755430363243,0.13262995211465237,0.28094922322813554,6.0394023567613774e-05
dresser,-0.00021630581227685428,0.4497483237042831,-0.39850713563745094,0.0007631273350340417,6.12784402498728e-05
dressmaker,-0.000318386439113552,0.6389737783193397,-0.6140007539309884,2.5735643090676394e-08,5.0380072066946034e-05
driver,-0.0014720137214511257,3.2265576402180174,-0.4359068619105554,0.00020272296142559708,0.0003740974335608164
driver-paramedic,0.00016661016145972117,-0.3261546783321948,0.639853731001772,4.246523332896111e-09,2.4631498116663245e-05
duster,-1.6461931270118574e-05,0.03854903959935666,-0.03062747095090437,0.8041836876527774,6.612929472290617e-05
dyer,2.8067371653680424e-05,-0.05251844556659469,0.1073887595734361,0.3833955811565273,3.198542921135791e-05
economist,9.815468890476444e-06,-0.016326827450193742,0.06022427494249336,0.6256504130927262,2.0025274881618477e-05
editor,-0.0007195601709606049,1.5057712643686936,-0.4315241910852126,0.00023870589278932508,0.00018515921944947395
educator,-1.300833645008665e-05,0.029252538640064274,-0.07811899609412574,0.5265955834712672,2.043449558834869e-05
electrician,-0.00014351641294334271,0.2958193346218765,-0.43501201995223804,0.0002096378189041621,3.6565853897938055e-05
engineer,-0.002085111071268871,4.248268628990813,-0.7083862411537347,1.4064573955827822e-11,0.00025573145353117695
entertainer,-0.00011066916185579093,0.22772335871707208,-0.35246325361702274,0.0032001269236998186,3.616893771262209e-05
entomologist,-7.936336510291901e-07,0.0030188287402322022,-0.009092308662310387,0.9413377972697691,1.0743752212982747e-05
environmentalist,4.3290481709923666e-05,-0.08492235977264588,0.6737487376698721,3.0454225091333407e-10,5.844450944492994e-06
escort,-0.0010647228684770608,2.2081077464568946,-0.7017489727858421,2.6226479068060304e-11,0.0001330520441836665
examiner,1.8237603224948743e-05,-0.02052305029075939,0.024238535184167385,0.8444542547103681,9.258951557800922e-05
excavator,-1.0971202161825846e-05,0.02363282619675848,-0.05769251471446466,0.6402752451503925,2.3368929390414116e-05
executive,-0.00011659286133215733,0.2990199442807838,-0.08599393710535795,0.485633601760582,0.00016627248919127494
expert,-0.0007757313855051612,1.688359581822602,-0.4623232252927193,7.214537869100944e-05,0.00018313696451937342
exploitation,-3.85882169800841e-05,0.08645837209448295,-0.12620785616463331,0.3051040360032992,3.733444490950804e-05
exterminator,8.455147952776262e-05,-0.1623125649248606,0.29799278180074446,0.013582997439176387,3.3338835551115274e-05
eye,-0.002251076463969731,5.140974947999683,-0.5103193325730087,8.759694896846879e-06,0.0004669465041119897
feeder,6.269884877527927e-05,-0.12076155238692246,0.4009840907018753,0.0007022607312519389,1.76317832026513e-05
feller,-0.000566550496111871,1.136816425319723,-0.6500416976777986,1.9911908176193444e-09,8.152316849894147e-05
fighter,-0.0003467759944520897,0.773341012782826,-0.20549229910086741,0.0927416448103472,0.00020328848653596414
filler,3.460411708498669e-05,-0.06647023958464866,0.26874135354251416,0.026694925624508193,1.5266636310673164e-05
firefighter,0.00020927959750021482,-0.41131555123388586,0.8215209526296338,9.323639008117063e-18,1.787915479230818e-05
fisher,-6.20316822732444e-06,0.04590320937983582,-0.004784343842894976,0.969112454796726,0.00015959314631808018
fitter,-2.811629159933817e-05,0.058763195122077685,-0.19115351153545662,0.11840462684222479,1.7771361874372186e-05
fixer,3.488696426213028e-05,-0.0639954448563032,0.14003035872795844,0.25473076857631904,3.036468495583095e-05
florist,-5.8364002548231475e-05,0.12551104631115814,-0.22798423202105694,0.06150353081690817,3.068158344318099e-05
foreman,-0.0008818540932824049,1.794355992323827,-0.49544337410258965,1.742309106924052e-05,0.00019031397749763774
forester,-0.00016392096787125573,0.33018272109571073,-0.2633745087979427,0.030003273863381943,7.390575024792239e-05
former,0.000618870911443677,-1.100536535473918,0.41080637722445484,0.0005018634371630071,0.00016906497765332258
fryer,-6.28660796700837e-05,0.12973074206562246,-0.07722794341369149,0.5313365883641447,9.990125953240959e-05
fundraiser,0.000251355842889024,-0.4925022632973811,0.8294555239238521,2.3776221886933484e-18,2.0835487676083736e-05
gaffer,-1.3598677853432657e-05,0.03039700697123592,-0.052013993353717425,0.6735713281815024,3.213780725094734e-05
gatherer,2.160055310738519e-05,-0.04112126560451494,0.08425091263027173,0.49455234497902356,3.144643629400604e-05
general,-0.0212774069379912,43.13808812953148,-0.8263336106828024,4.104051257818321e-18,0.00178500426218737
geneticist,1.8810259883430312e-05,-0.03617765866931979,0.25934931793085403,0.03270480557563089,8.622188973170877e-06
geologist,-1.2685517619066085e-05,0.03105455350624109,-0.05771666371195901,0.6401350887247126,2.7009120026954875e-05
giver,-3.923935235657325e-05,0.08424932587183584,-0.16477910168451612,0.17933324903958922,2.8911471290941296e-05
goldsmith,-4.98010362013827e-05,0.1029979511528579,-0.13253365672985837,0.2813017661273442,4.5845013621174486e-05
golfer,2.2280985080994173e-05,-0.04018669965268293,0.12691625151894703,0.3023754834014056,2.1434776354994403e-05
governess,-0.00039667560676890946,0.7994378949872984,-0.6255689861116696,1.1728984172688341e-08,6.089433986684644e-05
governor,-0.0033569749991650987,6.852208254633124,-0.652002237574947,1.7155031053396983e-09,0.00048053009735459456
grader,0.0001201499365780364,-0.23430353279396035,0.6412708145604249,3.828353375096158e-09,1.769634524089101e-05
grinder,-6.963775327810879e-05,0.1474109511091151,-0.1603070542641652,0.191592915962851,5.2779694018462834e-05
groom,-0.0004650155980373063,0.9869132324219125,-0.3945438915633816,0.000870525070634901,0.00013330844281851843
groomer,2.0712899811243833e-05,-0.0405919575541113,0.370084022500106,0.0018944199817812484,6.400052164863241e-06
guard,-0.004568870428212565,9.479891344311481,-0.8118312974596521,4.526495184890869e-17,0.00040448615209144585
guide,-0.0006502938432342176,1.4101293992629533,-0.466414044401174,6.1007588010224415e-05,0.0001518086632300829
guitarist,8.966833022516545e-05,-0.17404217824713275,0.5320984889707611,3.0141704287592902e-06,1.7562876810341186e-05
gunner,-0.0003834501850636464,0.775351337729549,-0.528638955627703,3.588593855575004e-06,7.578916560652933e-05
gynecologist,8.226247592052785e-05,-0.1572506076785553,0.41792280446345986,0.0003908932784222489,2.2011534787933162e-05
hairdresser,-0.0003183954986549063,0.6534626506212629,-0.5746165619858618,2.989106355903338e-07,5.582060100693518e-05
hand,-0.013406073141311783,28.429961281805205,-0.8353654372372079,8.202760998431565e-19,0.001085862651992388
handler,0.00019277094047949543,-0.37640030412364867,0.6325006506506806,7.210685859040861e-09,2.9057857562233085e-05
handyman,6.480114646090444e-05,-0.12129666513694874,0.33597376448117505,0.005093413664080115,2.236129444591627e-05
hanger,1.9122594054173787e-05,-0.030775493177436268,0.08094091022407507,0.5117216903444359,2.8985410023409927e-05
harvester,4.008363094744441e-05,-0.07761407670330797,0.26297523708777204,0.030262589842355272,1.810167192334023e-05
head,-0.004260969415722143,10.522447973640611,-0.31059150470787594,0.009942769881206483,0.0016051619859488394
healer,9.303740264869123e-05,-0.17376548099523403,0.2615427455844399,0.031208489277722903,4.2262637545125663e-05
helicopter,0.0007524453108980073,-1.4022153995202489,0.37931046119859235,0.0014227221421949099,0.00022593128881943792
helper,-0.0001294358129024088,0.27128002038787546,-0.31190879315939785,0.009616432603242403,4.853216829932838e-05
herbalist,1.452301124176005e-05,-0.027768393344760466,0.2004918871234354,0.10114274144533607,8.73532272124387e-06
herder,-4.732495126255686e-05,0.0966168740281235,-0.16337200203084246,0.18312758542109,3.5177589568896814e-05
hop,-0.0003655264105328063,0.8392299043855622,-0.16871781365026847,0.16901649394690257,0.00026285420186828394
host,0.00034787505158727654,-0.6079382414053348,0.3291056002570121,0.006137409717780297,0.00012286349655584196
hostess,-0.0004303419475020891,0.8814980325828998,-0.5849358103795894,1.6220694615006658e-07,7.345087516891853e-05
hunter,8.198603111909087e-07,0.1181908580444383,0.00032122445139317186,0.9979256828625052,0.0003141660681650188
hygienist,4.9362773864295954e-05,-0.09651602886583802,0.6887374615681572,8.479854865454976e-11,6.396146155254471e-06
illustrator,3.3397858750563355e-05,-0.06477317860132792,0.30051223681027683,0.012774686406899275,1.3047634333807907e-05
imam,0.0001503649206462108,-0.2934079041905024,0.41814950060275224,0.000387758708623826,4.0207742793527095e-05
impersonator,2.4313495489870863e-05,-0.045410570240831116,0.15716133778537608,0.2005700893157113,1.8806106795322002e-05
innkeeper,-0.0005221290377919041,1.0481812797325203,-0.6527606268023836,1.6189344883420375e-09,7.458841683553116e-05
inspector,-0.007986469013609747,16.25512059016884,-0.7581538712228648,7.076657562363255e-14,0.0008455192448273216
instructor,-0.00012123071303741084,0.27451671426442886,-0.1297409881507732,0.2916535311497115,0.00011404524903809956
intelligence,-0.00022699316966148014,0.5968604390052556,-0.12042182634022319,0.32798587197066054,0.00023033695125731978
interpreter,-6.62188385856878e-05,0.14834865107708547,-0.06246831682015031,0.6128066072702139,0.00013022691667122758
interviewer,0.0003022229965109199,-0.5882951556759871,0.42899435995526525,0.0002620524445295887,7.833203572468384e-05
investigator,2.0960533901392487e-05,0.001041141331703646,0.013525711178623029,0.9128273448297897,0.0001907350615513616
jailer,-0.00024481533969303635,0.4953542835107519,-0.4241501289052795,0.00031268572606744656,6.433978111359191e-05
janitor,-0.0001438854690728784,0.31326855864468417,-0.16177437994461175,0.18750575333859137,0.0001080380129832639
jockey,-0.0004173295937851715,0.8524670391247795,-0.4623642629197584,7.202487983747668e-05,9.851328535004787e-05
joiner,-2.8430716822498786e-05,0.05837351105707784,-0.1448171120203524,0.238686689123624,2.3910767511023906e-05
journalist,0.0002144759100599405,-0.37172862173708676,0.22162007826894364,0.06932400804500957,0.0001161612671867648
judge,-0.005715073767720293,11.818310128116995,-0.6188929829741646,1.8531052603640633e-08,0.0008928260576357015
juggler,-0.00013307927061461755,0.2681529529928321,-0.2600032712133368,0.032252538253210485,6.083596037560591e-05
jumper,0.00013747717543769562,-0.25535743540549294,0.1530947121738042,0.21261446815841922,0.00010923161500931146
justice,-0.0018627475955805186,3.9922015272822056,-0.4909452255511588,2.1316560352401633e-05,0.0004068760294051857
keeper,-0.00029239111672316404,0.6204020399537467,-0.22185039124083955,0.06902771015853622,0.00015818765027970504
killer,0.0028880862086670344,-5.359243673252442,0.6569944880496311,1.1680056030404085e-09,0.00040793177987526435
laborer,-0.00010443020088041518,0.21324202728715283,-0.37820011180279534,0.001473250948264425,3.1464001416699497e-05
launderer,1.9023125883229358e-05,-0.037157294437202615,0.40931532904299645,0.0005284729360613388,5.219559380117909e-06
law,-0.010979942427321442,22.782420344913493,-0.8564289301719923,1.2738958388347612e-20,0.000814721914104753
lawyer,-0.0017037415703229609,3.7654972518403094,-0.3216622754121707,0.007477200695442452,0.0006173264066146837
layer,0.0004035270913767662,-0.7750330563361361,0.6364612813335823,5.430988805723822e-09,6.0194518342746255e-05
leader,-0.000873636906959543,2.015176980025499,-0.2535974981426161,0.03691598875506423,0.00041018487441728496
legislator,5.329410060835364e-06,-0.009573154280338659,0.08139253623722008,0.5093612871905975,8.033027558732334e-06
lender,-4.219468166140343e-05,0.08705033281616117,-0.1732798551210656,0.15761874385436417,2.9520094125918914e-05
librarian,5.325410805996554e-05,-0.09413047065834705,0.10651652429667,0.38729332621386525,6.119083438274982e-05
lieutenant,-0.018796125310350558,38.0402179496371,-0.769189045876682,1.8373715685759585e-14,0.001922111611018935
lifeguard,4.7442609925279564e-05,-0.08456985458092398,0.08103569371841167,0.5112258466139624,7.182730783530186e-05
linguist,1.029737818088786e-05,-0.0185384816427089,0.10238010924633406,0.40609681700378264,1.2315470963096963e-05
loader,4.0350697274980286e-05,-0.07765578927402451,0.3403927746801035,0.0045077102834394315,1.3720106556695822e-05
lobbyist,3.490683910539853e-05,-0.06735170830164743,0.270538409058431,0.025658334450204347,1.5289903298586574e-05
locksmith,-7.996516838906903e-05,0.16558438559530297,-0.2722557041858802,0.024699741124951425,3.478792371412443e-05
logger,-1.552246871254748e-05,0.032111976641341536,-0.14865695375129281,0.22633056573819893,1.2710161411150435e-05
lumberjack,-1.9836269381277814e-05,0.044044754333703945,-0.07209846304138097,0.55903348949001,3.377771808759489e-05
machinist,-4.0327605519215e-05,0.0816982218067525,-0.2794361762504902,0.021013192981366193,1.7056635901651195e-05
maestro,-0.00076001417101302,1.5433816414606722,-0.4823541588838651,3.109058051359043e-05,0.00016989321997711222
magician,-0.0005197586851339339,1.0780872102204586,-0.4311007281340048,0.00024247594269549862,0.00013390716676356263
maid,-0.0041541631936861355,8.414383452826502,-0.8248127486222527,5.3333699266008736e-18,0.0003505230834235423
maker,-0.00011493955647152037,0.273967952917703,-0.14970759979497414,0.22302886030138802,9.343972495987773e-05
man,-0.08043967208129457,170.3776024967645,-0.8115966930964903,4.697682291729568e-17,0.007127431879498375
manager,-0.0012908249933859589,2.816979856933312,-0.39259574318992,0.0009281815670722247,0.0003722213319927746
mariner,-1.0093143571650352e-05,0.02304065224301375,-0.06487411905269519,0.5991649564560202,1.9110285891362147e-05
marshal,-0.006630254257216439,13.298543003582779,-0.6417665261690201,3.6915450889258195e-09,0.0009752589281606292
mason,-0.011765499055251033,23.586286844274966,-0.3911144421574935,0.0009743107999880727,0.003407876117025951
masseur,-0.0003165208482048004,0.6370899123655307,-0.41319568911655874,0.00046175799292560624,8.586622518690465e-05
masseuse,6.488209301361777e-05,-0.12450382306947735,0.3904295191556326,0.0009963330131241626,1.8832010648246477e-05
master,-0.013219786110545662,27.30584559716332,-0.48844093074150535,2.382055882131751e-05,0.002907060746763427
mate,0.0038585965972534465,-7.413747191752803,0.7060316752461806,1.757843379667999e-11,0.0004764057970911955
mathematician,9.587095547322956e-06,-0.012593643529285777,0.04306067281971185,0.7273401209523762,2.7379862556693175e-05
mayor,-0.0020164546677424555,4.2207824621630134,-0.34378170065082647,0.004099759600314559,0.0006779884093653234
mechanic,-0.0003774647874811778,0.7897430708659632,-0.443592921617942,0.00015139502534030168,9.387253881461453e-05
mechanical,-0.00015840528395241459,0.3547773015163144,-0.19499003143864535,0.11105819232100013,9.80771997600434e-05
medic,4.867095390769547e-05,-0.07300083822748897,0.05323504835239949,0.6663559226248158,0.00011237869252872249
member,-0.000200461160482801,0.604343276336437,-0.1694488802518278,0.16715046446505605,0.0001435137042994785
messenger,-0.0010705068707573314,2.1827040959594513,-0.6582527875031908,1.0589442232785538e-09,0.00015069631855729227
meteorologist,-4.0187478299551905e-06,0.009761301241298682,-0.039501347249417444,0.74910310813196,1.2513182774656269e-05
midwife,-0.00013879057769872785,0.2870105630595687,-0.2771231125240883,0.022145899383752204,5.9233012320651085e-05
miner,-0.00020517593161357625,0.4210424751415622,-0.3204206919602411,0.00772401220503676,7.466380635949877e-05
minister,-0.0012536925265946954,2.774391150491231,-0.1748530862653204,0.15382322300017845,0.0008689668076377385
missionary,-0.00025624979107210794,0.5248245479446642,-0.4392356709462196,0.00017879678356397537,6.45134246484858e-05
mixer,4.629714196615519e-05,-0.08388812133733585,0.15275775320543908,0.21363487233738215,3.6868186824018624e-05
model,0.00011785560860896974,-0.042755272505879266,0.06728314651498583,0.5856414442981555,0.00021512294359420106
monitor,0.0018429498923717511,-3.5898229754303883,0.8853535302610069,1.2261035631345035e-23,0.00011912463382487683
monk,-0.0003417447913942305,0.7808424829974157,-0.10078120941429726,0.413505480578774,0.00041527287168239484
mortician,3.0253329881946883e-06,-0.003008131992725271,0.014442892041634063,0.9069415786684367,2.5781118151228038e-05
mother,-0.03438807987913493,71.59086073064992,-0.7932117569276832,7.406969818506067e-16,0.0032495672332873995
mower,7.864301704963587e-05,-0.14949518879107598,0.24467587253131798,0.04433392389932783,3.8361172006395686e-05
musician,-0.0004715123952386508,0.9797190650136709,-0.43099075169233825,0.00024346393765031148,0.00012151538614941575
nanny,0.00020688473010262507,-0.3492620577091463,0.06406605326668825,0.6037319424200226,0.0003966755136488419
neuroscientist,2.5580951600672683e-05,-0.050378509858260284,0.6236606658396979,1.3381960138418358e-08,3.946697269183076e-06
neurosurgeon,8.704612576484955e-05,-0.1697731072823334,0.6431839700179829,3.325529209815629e-09,1.275579525716814e-05
newscaster,0.00018724951862645372,-0.3635268925612334,0.5377516084085666,2.25713748549531e-06,3.613664451023395e-05
novelist,6.262327380198917e-07,0.007781626466414822,0.0026952739428316246,0.982596511990851,2.8599557250685376e-05
nun,-0.00024274231380589175,0.5286436286379879,-0.21808433606860828,0.07400212996117006,0.00013371116783508343
nurse,-0.0023158481031161676,4.8667279036334765,-0.5634907735761236,5.646211895764296e-07,0.0004179224185629604
nutritionist,3.525623120684629e-05,-0.06887134498681267,0.5576768837458248,7.800568162660211e-07,6.4593643260807205e-06
observer,-5.167212051914811e-05,0.11740034525218829,-0.12840475884189056,0.29669398274789904,4.912392695083026e-05
obstetrician,-1.6142655467481208e-05,0.034337569410186196,-0.18972704780466232,0.12122911129292992,1.0282840501035093e-05
officer,-0.005566647979903439,11.730974168730569,-0.7236795570335134,3.1263699137582702e-12,0.0006534468366352175
oncologist,8.480877032857459e-05,-0.16672325065683963,0.7459438690795873,2.900955891071353e-13,9.320573343098291e-06
operations,-0.00017008372043438564,0.4046968543237772,-0.18609833516272026,0.1286461669731591,0.00011053367458415211
operator,-0.0037646013797772823,7.58122958962452,-0.8428130059486624,2.0176884699951892e-19,0.0002959134730714028
operators,-9.635473102926579e-05,0.2002361522670175,-0.30549452303041597,0.011297955767321422,3.6967749418537176e-05
orderly,-0.0005238744918629834,1.0669241770529476,-0.7004591847715012,2.9544175570042706e-11,6.57027519523986e-05
organist,-6.789367154966409e-05,0.1380678498268762,-0.3206956754402854,0.00766874235930416,2.468299136748713e-05
organizer,-3.9348289239565225e-05,0.08306794449997584,-0.14297070241302706,0.24479080896152616,3.352912500100355e-05
orthodontist,1.0040988065745294e-05,-0.01764320573046151,0.05749343941108214,0.6414311196804571,2.1461853443277515e-05
packer,-9.708053283298359e-05,0.1986820724701701,-0.12454962532917989,0.3115533207267133,9.519690678970116e-05
painter,-0.001136595518287426,2.3173716292730555,-0.660477760997544,8.89411064127343e-10,0.00015904734261617601
pair,-0.0021614674704281073,4.505434355432254,-0.7170651738597762,6.0636728023084076e-12,0.0002586155886520275
paralegal,7.351053858913608e-05,-0.14437432071640888,0.7670034955393544,2.4139436611587776e-14,7.569613422942636e-06
paramedic,0.0002624303915322389,-0.5138872096776749,0.7955818236187081,5.273797232844339e-16,2.459912522067727e-05
parent,0.0012044741556243765,-2.3338738516618234,0.8713568215805739,4.35768133038061e-22,8.348359945523163e-05
parker,0.0005693459894503038,-1.0307641466916118,0.19678971742036686,0.10773554267805471,0.0003491607762036421
party,0.0012778569654927662,-1.3530030682058916,0.14531591958283693,0.2370558260061329,0.0010709335847010773
pastor,4.387710237106092e-05,-0.05433348590881636,0.022903430990681026,0.8529237351729103,0.00023574988394786753
pathologist,0.00012942585493286345,-0.2488785222304993,0.398927463057714,0.000752472804018441,3.661981789679577e-05
pathology,8.980470095857243e-05,-0.1709662683694857,0.32868835819293063,0.006206502526659158,3.1762628528305443e-05
patrol,-0.001829273173447928,3.7402781184612346,-0.6204579711213378,1.666301256639165e-08,0.0002846053452508086
peddler,-0.0004442727760281346,0.8918823903580365,-0.6381917166144182,4.792284437400165e-09,6.597025857992813e-05
pediatrician,0.00011522914200989864,-0.22416691254970528,0.6303749267719767,8.381600520308897e-09,1.7466902070617756e-05
peeler,4.851656870851059e-06,-0.008014261567194734,0.049589946059862715,0.6879821585681885,1.2027900213733122e-05
performer,4.589598630206362e-06,0.005515142535874056,0.015503690351332141,0.9001404275156206,3.643472139257301e-05
person,0.008343321756784818,-15.31685645921133,0.695841070648645,4.502757090000029e-11,0.0010599852595230637
pharmacist,-0.00018574314925489107,0.3790834124819328,-0.3117062167826683,0.009666002444020192,6.969483347361757e-05
photographer,-0.0003820136987831949,0.8215670263353819,-0.3043662508006819,0.01161872325385252,0.00014716365750187612
photojournalist,2.615638464448623e-05,-0.05088593869713283,0.25998917557890905,0.03226223114605852,1.1957845115434677e-05
physician,-0.0006436641723835938,1.3165970764483417,-0.44497777084208745,0.00014353064915326354,0.00015945378181893207
physicist,4.239201040934053e-05,-0.073856529461301,0.15409707025054434,0.20959939845812478,3.345793224741446e-05
pianist,-0.0002652591243803822,0.5425561935136233,-0.5390101538420375,2.114864027107742e-06,5.1023217300440705e-05
picker,-6.142129123243474e-05,0.12723226371512952,-0.21033763331282823,0.0851330686859041,3.514017990052937e-05
pilot,-0.0003906046230424095,0.9488238308695288,-0.09777499938091685,0.4276447783503544,0.0004893861632344468
pitcher,-0.00019641348900331987,0.41112198204729705,-0.2999220884699185,0.012960195117714303,7.689936264479288e-05
pitter,-1.265919491274338e-05,0.02761052254929899,-0.08411172431586784,0.49526821665022525,1.8460176673331515e-05
planner,0.00023642025083861658,-0.46330247580098094,0.7935908540966659,7.017363324546654e-16,2.2312190574009958e-05
planter,-8.240986204742261e-05,0.16681694003803754,-0.3742344300077664,0.0016671750223312331,2.5136205802315617e-05
player,0.0011760209314689667,-2.1781978980556045,0.5325415210269139,2.94717361897936e-06,0.00023007384745440224
playwright,-0.00017345297661340472,0.3517231451764594,-0.3550696239255729,0.002966760707534874,5.621257635513775e-05
plumber,-0.00019035176186248776,0.4035182278962247,-0.27231315693474945,0.024668202264006327,8.279146711967504e-05
podiatrist,4.218945628062046e-05,-0.08263488316085187,0.5265706921774669,3.979396423841576e-06,8.38419377397008e-06
poet,-0.0011717617033447226,2.4042158664668327,-0.6574580248349997,1.1266408196860865e-09,0.00016530175694355625
police,-0.014029890969506357,29.705337293961488,-0.639273059965574,4.430114681151051e-09,0.002077355695568789
policeman,-0.002333637113921301,4.757263980177882,-0.7968402918136752,4.395467610320761e-16,0.00021780287014050873
policewoman,-2.5883701094211812e-05,0.05723837363999714,-0.08592933661138225,0.48596262601156437,3.694057213149342e-05
porter,-0.0012657421789280046,2.5733146680005397,-0.6518392803377231,1.736956586853654e-09,0.00018126190388202844
poster,0.00010831432321596877,-0.18290195659700634,0.1845856826570381,0.13183783311879108,7.09885518254427e-05
postmaster,-7.670627725301747e-05,0.1554563140587899,-0.3465117905737585,0.003795283420895235,2.5560237201515214e-05
potter,-0.00029207665453574196,0.6297928840450244,-0.11188266619322826,0.36368831821065895,0.000319320443458994
practitioner,-8.645095264203933e-06,0.020644142470275562,-0.07134073634359536,0.5631821748871398,1.4878263123006721e-05
president,0.0037277901222792626,-6.825617941531638,0.46514599733816714,6.427712642293612e-05,0.0008732694633637837
priest,-0.004622862808967706,9.435991001874301,-0.7176414139574755,5.7279071822943835e-12,0.0005522024063712088
principal,0.0004531927032643564,-0.8124686190726763,0.28883213870350777,0.016905030251155435,0.00018490542982347964
printer,-0.0001525695350996516,0.31879833155946247,-0.1892845477836266,0.12211567074251853,9.742217175542027e-05
prior,0.00027132732438805025,-0.4933385969774289,0.2316432319846647,0.057340657889214455,0.0001402574282787708
processor,0.0001333506432923285,-0.260175475292524,0.5431843296781989,1.7008986155662469e-06,2.5372035697505282e-05
producer,0.0001437988256964092,-0.20438543395916922,0.11598851417498748,0.34623499320147844,0.00015157486946861117
professional,0.0005651743828769936,-0.9504217722169706,0.3915008934539127,0.0009620805257263612,0.00016351193601234204
professor,-0.013760032311357627,27.885303887755406,-0.7759869202385191,7.710409146528551e-15,0.001376732785539526
programmer,9.119819822628101e-05,-0.17742534687170924,0.540361911273918,1.9714468306595563e-06,1.7480302823892988e-05
projectionist,1.949866949609047e-06,-0.0014646610151203077,0.01392854825567713,0.9102416498480825,1.7229990003435164e-05
promoter,-2.1825626303405105e-05,0.049078977035872946,-0.11551519541567347,0.3482199794972638,2.310141401379819e-05
prompter,-2.2236313097013704e-05,0.045848732683995405,-0.18767286619617468,0.12538661148739116,1.4325283427294452e-05
prosecutor,-0.00020892561278080927,0.48264124945591996,-0.10744396919013811,0.3831496592608987,0.00023796676068513144
prospector,-0.0001268470079844347,0.2551914936551817,-0.4955892789637182,1.7308655191401615e-05,2.736432143389696e-05
provider,8.64826988030698e-05,-0.1655962487359826,0.35940173516780105,0.0026122800121077556,2.7640372114565337e-05
provost,-9.645792636122594e-05,0.19603049699785233,-0.17389506171252317,0.1561263483625163,6.723740620299657e-05
psychiatrist,-0.0004881470692197065,1.0267518998156924,-0.5136138237417768,7.4892681838444935e-06,0.00010037837683491441
psychologist,0.00014100191137752447,-0.2563878468986519,0.23872414166744685,0.049935133980718555,7.060167769440526e-05
psychologists,3.2467383605422715e-05,-0.05963248658475485,0.15010799270312794,0.22177951309716643,2.6322230650542814e-05
psychotherapist,3.509637461527922e-05,-0.06857510144466435,0.5162684551644315,6.593088585297455e-06,7.166464503532695e-06
public,-0.0012106509891166989,2.8549968820137215,-0.3449443652990908,0.003967540449012678,0.00040549844355374957
publicist,0.00012402830328683327,-0.24225370552613662,0.6619940045875738,7.890471162121884e-10,1.7285092453401835e-05
publisher,-0.0003998166357668814,0.8212760344764672,-0.4589567517125866,8.268938199743358e-05,9.526959732004075e-05
puller,6.995501068667334e-06,-0.01201653971311855,0.05980648304798657,0.6280541124661129,1.4372109165283986e-05
puppeteer,5.5348244483366724e-05,-0.10734910909764064,0.3393692212301051,0.004637792551248771,1.8883782519815708e-05
purser,-0.00023894216684404074,0.47953888014079155,-0.4289448646456262,0.0002625293825666618,6.193927446873714e-05
pusher,-5.585139007983456e-05,0.11912347209552249,-0.1262204694922601,0.30505531365007954,5.4031231869223764e-05
pushers,-1.9655902021729287e-05,0.04316427253080634,-0.09492686916711171,0.4412907210444036,2.5372674391336632e-05
rabbi,0.00016504911389809344,-0.29653366093376693,0.12437567278408411,0.3122349192108531,0.0001620766367461418
racer,9.545118357813084e-05,-0.18140795730631581,0.32042457398708163,0.007723229523131625,3.473434924820016e-05
radiologist,2.9974840421160962e-05,-0.058353141704895056,0.4260639333099382,0.0002916995375781649,7.834502008820276e-06
ranger,0.0004689656140216963,-0.8833918642643271,0.17674323824800428,0.14935338981851748,0.00032146576844418464
rapper,0.00021399571099056154,-0.4203642899638872,0.8051647448360051,1.2744495373499582e-16,1.940173393815784e-05
reader,-8.377973329679362e-05,0.19086382638912647,-0.16604939717301892,0.1759571554219702,6.124326564464178e-05
receptionist,0.00012236052146665454,-0.22884953323400106,0.27556540454746326,0.022937599218496394,5.2540670955901693e-05
recorder,-0.00025009722343868044,0.5317842481945113,-0.30929948516539146,0.01027216711716217,9.46503215665747e-05
recruiter,7.648128352892045e-05,-0.14892971868175722,0.1701382194471406,0.16540483965522276,5.4525892202876884e-05
referee,-0.00025030561818605203,0.5223276976205261,-0.3234151347950653,0.007140525707644249,9.014621114671219e-05
registrar,-1.8441244108336482e-05,0.041548512733850296,-0.08615266727405188,0.48482565532260335,2.6250149553298576e-05
regulator,3.042752094393262e-05,-0.05642740715191509,0.10038947511286853,0.4153324720032705,3.7119908459134784e-05
remover,-3.242251415043276e-05,0.0677875420944704,-0.12659261764935528,0.3036200618607641,3.127218454022708e-05
reporter,0.0012211504442784806,-2.290515214623891,0.5546341568487225,9.215800185883554e-07,0.0002255086203411052
representative,-0.00040224404400659053,0.8422994236778398,-0.3650118735236179,0.002209632521825108,0.00012628788192419388
researcher,0.00015335170768175193,-0.29736195987816977,0.607059939343494,4.062310112944439e-08,2.470951755856208e-05
reverend,-0.0014879279884545548,3.0598989189133907,-0.581948948034596,1.9402274159270416e-07,0.0002559386943851776
reviewer,2.5798514359042384e-05,-0.05013388834342226,0.45659414590174036,9.091973485724277e-05,6.187622741562056e-06
rider,-0.0002887351503029532,0.6103561546797852,-0.25411679304664897,0.03651813488901981,0.00013526914042638263
ringmaster,1.202212282926298e-05,-0.022284856960223167,0.08945098317140278,0.4681991823132269,1.6477054840546795e-05
roller,0.00029986350054515197,-0.5633065552582925,0.3424327368308486,0.004258048417804766,0.00010127277748788728
roofer,-1.0018249978794461e-05,0.02124543237065136,-0.0786387326119332,0.5238400133962764,1.563278561409127e-05
roper,-0.000539583712939684,1.086184008429254,-0.2668580087336998,0.02781899031999857,0.00023986376233697048
router,6.520793241913713e-05,-0.1280816096271441,0.6360880693115302,5.578962934764921e-09,9.736720383048667e-06
rover,0.00011877318836891806,-0.21679075528575717,0.17680230516442794,0.1492152858567526,8.138837024611746e-05
runner,0.00013891579240433232,-0.24391324943742024,0.16731481152819655,0.17264031101377764,0.00010075803335578528
sailor,-0.00233502335517443,4.717625603200469,-0.7756591512236543,8.045656476878246e-15,0.00023387420360967704
sales,0.00044289117161152225,-0.8106858235884536,0.39604056482609107,0.0008284553642937455,0.00012639744301832083
salesperson,2.8528521709476708e-05,-0.055239018687978494,0.32539080267264436,0.006777058811446923,1.0204697425402356e-05
sampler,1.6113152576882314e-05,-0.030597805779355704,0.15050059148381714,0.22055925040056704,1.3028526735351067e-05
sander,4.282231978051844e-05,-0.08144180869762076,0.1466296952554274,0.2327972800813752,3.5559581914305705e-05
sawyer,0.0002229295484483381,-0.4290908138444705,0.3446788837720424,0.003997393343125252,7.473385144239587e-05
scientist,-0.0002641383664808381,0.6025457811835251,-0.21427864874356312,0.0793156332520668,0.0001482088295960054
scorer,2.2849393170353467e-05,-0.04383219413801845,0.2976568596541193,0.013694036551542325,9.020724375055132e-06
scout,-0.0009334015280276917,1.9205699209944336,-0.4570820162478532,8.916069378643887e-05,0.00022356896593929906
scout-sniper,0.00010011599429747436,-0.19483703679943776,0.45604444101078756,9.294005499950295e-05,2.404879697176578e-05
scraper,-2.9676663916618874e-06,0.007156087989867312,-0.03853348700039153,0.7550556947120146,9.472882121886575e-06
sculptor,-0.0002884630566272563,0.5846494629013362,-0.519378548532596,5.6708426419568414e-06,5.842097430304311e-05
seaman,-0.0004321305941400682,0.8737707898076562,-0.4878449977337973,2.445539410513675e-05,9.517891392636245e-05
secretary,-0.0035230544181637583,7.232836422160835,-0.7703239815209776,1.5926949232296633e-14,0.0003589700098860541
senator,-0.000589687679201689,1.3014150920152383,-0.13091194011278423,0.28728303193271754,0.0005496890848072575
sergeant,-0.016387240306993685,33.06135824271412,-0.7806159245250254,4.194376731944254e-15,0.0016150431293189356
server,0.0005019076164176964,-0.985143726133781,0.757904364594434,7.289675728286214e-14,5.317757299829408e-05
setter,-2.4154657071301065e-05,0.050196054010226684,-0.1828553935473351,0.13556181510876117,1.5985875264383574e-05
sewer,-0.00029124426839227847,0.6093160262590724,-0.19206320923504427,0.11662987821366794,0.00018318064037998558
sharpener,2.4847516342172118e-05,-0.04728280606262251,0.28196974881817627,0.01982947279858835,1.040683716223155e-05
sheriff,-0.00853296823476161,17.28205012412799,-0.762286985293106,4.307142902254902e-14,0.000891814343413115
shill,5.754555444725531e-06,-0.010131758960544659,0.0714639833492844,0.5625063892169044,9.886458708340373e-06
shiner,-6.175088992516001e-05,0.12609555876161577,-0.13676052506321631,0.26610263395047745,5.505675761483859e-05
shoemaker,-0.00014040752020683393,0.28645550514137025,-0.2990018452007124,0.013254111992902547,5.5157916662865955e-05
shooter,0.000975364585692675,-1.896504628783323,0.7415293648967602,4.738020397224689e-13,0.00010862697032278526
shopper,6.225282670442065e-05,-0.12119655427829305,0.5811085594958001,2.0398486553702841e-07,1.073152456212507e-05
showman,-1.4551406548276252e-05,0.0315485819747606,-0.12115189276000957,0.3250402311841615,1.4675467376823747e-05
singer,-0.0004465186061124644,0.9938737976744729,-0.1977022274043149,0.10608048066593992,0.0002725199195897435
sitter,0.00012028355527097587,-0.2238944671429559,0.2839887369632243,0.018927347552510583,4.9988914508658426e-05
skater,0.00013042988122113927,-0.2540600532955977,0.47933581299647693,3.541463391349826e-05,2.9395272587808434e-05
skier,1.695765588129661e-05,-0.031031894915894188,0.09977786926495623,0.4181942089838584,2.0815505182242403e-05
slicer,2.9151231923690033e-05,-0.05639755037948742,0.18038011253101602,0.14102646515078465,1.956651486023329e-05
smoker,6.567920125147713e-05,-0.12150007230094903,0.2665477569673005,0.02800793441364782,2.9233281467494836e-05
smoother,-3.329666509271876e-05,0.07069932457787537,-0.143677481076518,0.24244171861682667,2.8229977507744565e-05
sniper,0.000387285020515877,-0.7452798728134935,0.4704100974846682,5.1683096179546715e-05,8.942751907457805e-05
sociologist,-6.99802816053494e-06,0.015470149459343528,-0.06227810465280494,0.6138908663724114,1.3804620575606726e-05
solicitor,3.7715598105498756e-05,-0.05746880688654876,0.09017513432385901,0.46459057678733384,5.127306395584969e-05
soloist,-0.00012648461615623753,0.2552259697699466,-0.38756472564943084,0.0010934064055014663,3.703208975884204e-05
songwriter,-1.9054951049456037e-06,0.009216833064883509,-0.006305770576459259,0.9592975049455574,3.719538594863386e-05
specialist,-8.966953859753655e-05,0.2176483682193176,-0.16807185275624076,0.1706779600411261,6.4737461877219e-05
specialists,-0.00017198236375620758,0.3548308849201379,-0.4343805308081494,0.0002146471386096157,4.3897113133877365e-05
splitter,-3.840570930807925e-06,0.00861651107116123,-0.0378666648452022,0.7591651288220356,1.2475420110296577e-05
spotter,1.9349373044824395e-05,-0.03524636262034001,0.1406677291581467,0.2525531712624433,1.6763341461440695e-05
squad,-0.000833319226979174,1.7941911428581778,-0.3239662196694482,0.007037461401867753,0.0002995451949005384
staff,-0.0006142948218850785,1.4309402597145242,-0.17481948722398036,0.15390356693110255,0.0004258680873331429
starter,-8.810515094391177e-05,0.19190968076485837,-0.25434378070179947,0.03634535455410638,4.123688217910254e-05
stenographer,-8.233735576455582e-05,0.16648878716951926,-0.38170061015261775,0.0013192117145972664,2.454191668189263e-05
steward,-0.0006462928766792632,1.3045516349424418,-0.6305316180705898,8.289470585492743e-09,9.792730077023337e-05
strategist,-3.228522158407827e-06,0.010176359929093295,-0.027804393920837528,0.8219220498367354,1.4287308844789199e-05
stripper,0.00048018734534309307,-0.9359478011121812,0.746819613220418,2.6287929440209947e-13,5.263348020002282e-05
stylist,0.00013067673786850922,-0.2553089115443053,0.7158619560623329,6.826496079803949e-12,1.568927588069099e-05
superintendent,-0.0006622538546859326,1.3614910132553026,-0.5531519232580243,9.989557173076518e-07,0.00012277078033245712
supervisor,0.00022640281671679245,-0.4150748727941437,0.31585239410671717,0.008694594567263259,8.371517280499795e-05
surfer,0.00019645689122249103,-0.38268590970287486,0.5384340650239465,2.1789112536580837e-06,3.784592195967404e-05
surgeon,9.895673880743553e-06,0.0553037936841279,0.007947735333062492,0.9487117489474476,0.0001532555790882024
surveyor,-0.0001835249140614968,0.37217713112175255,-0.3147878189902498,0.008935507955205242,6.811543216041086e-05
sweep,-0.0003723031435819628,0.7979297515467243,-0.25669618765155855,0.034594476486971816,0.0001725455033035362
sweeper,-4.3370883456452965e-05,0.09120595543673807,-0.1817590359401314,0.13796217897821952,2.888253879144479e-05
swimmer,-5.946789859547932e-05,0.12986936512147762,-0.16261606099128129,0.18518987067596884,4.4414794796475676e-05
system,0.0064778154967882464,-12.389341280282942,0.7975059660559524,3.9896110382207277e-16,0.0006032036378636074
systems,0.0013387456490988757,-2.566188062283459,0.5094106616996309,9.143953179757097e-06,0.0002783689772673614
tailor,-0.0009529531741135785,1.9276586787239736,-0.7212598222507929,3.9924632174147336e-12,0.00011264991147358436
taker,5.067719817010574e-05,-0.09471603829667767,0.2535303420657523,0.03696770223988821,2.3800396412676467e-05
taper,-5.31649988126726e-05,0.107514157594975,-0.36781845015581666,0.00202985596564445,1.6544569377628107e-05
teacher,-0.0005514355748288927,1.5320863650329204,-0.06951271596870172,0.5732501865483212,0.0009741071983892109
tech,0.0014778300149138888,-2.8941837090950533,0.8409060960197996,2.909236134719897e-19,0.00011707053464717908
technical,-0.00018942667534501472,0.4314908143853664,-0.19751337573007166,0.10642138300955058,0.0001157262139693998
technician,-0.00011686497210492998,0.2514326207064052,-0.2400414101686749,0.04864795531585995,5.8175386967546695e-05
technicians,-0.00015459291904697565,0.3198452422435084,-0.3312738653101002,0.005789142824138731,5.419862966054818e-05
telemarketer,2.068665557916657e-05,-0.040700774883283705,0.6664208547330004,5.540729688009079e-10,2.84879716524743e-06
teller,-0.00012532707132786872,0.27420907133655276,-0.17342976780504207,0.1572541095968087,8.760274436148058e-05
tender,-0.001185885478872635,2.425414740516953,-0.7321286147888725,1.3040103743212804e-12,0.00013581152692290213
tenor,-0.0002243711131865317,0.4538159189494664,-0.585269606902329,1.589747982383479e-07,3.826251399564421e-05
tester,2.769992533572076e-05,-0.052823771197642665,0.19947977396557734,0.10291309320928319,1.6749057845043742e-05
therapist,0.0012140493715360468,-2.3815350319211803,0.9047263977259812,3.7425881883981416e-26,7.036386909472403e-05
tier,6.027851331863868e-05,-0.11454842847199216,0.1675471825713436,0.17203622920875264,4.365866677815358e-05
tracer,-2.4904549024661353e-05,0.055068906444454675,-0.0642789243490483,0.6025273658680226,4.759255825627271e-05
tracker,0.0002857884375012106,-0.557285408458909,0.7379383224090451,7.010703267676416e-13,3.2171518484906885e-05
trader,-0.0002923191391213019,0.5968649244036662,-0.38535635706751376,0.001173982208563896,8.616188736283508e-05
trainer,0.00024275643854706634,-0.45855319224452984,0.4106749283990677,0.0005041592749574107,6.634245403742243e-05
translator,0.0004188142871364649,-0.8110120256959034,0.31665712553527275,0.008516266553463414,0.00015442440532311428
transporter,0.00010731682076075946,-0.1904364580779674,0.06518240266779032,0.5974266549359906,0.00020222781840911478
trapper,-0.00013778917030217458,0.2817712324257223,-0.13012820473113382,0.29020346573657846,0.00012922994535506917
treasurer,-0.0002467874843609241,0.49959047797397027,-0.4776150430936593,3.8123026530198103e-05,5.5879067389658664e-05
trimmer,-4.850723693220127e-06,0.011196826375429392,-0.03042088284080775,0.8054785323880218,1.961831521111825e-05
trooper,-0.00033618773211451625,0.6824075325441574,-0.2765105482285567,0.022454418273098516,0.00014382238825406382
tumbler,1.26264156558093e-05,-0.023190105846621942,0.11292285297507114,0.35921660302939995,1.367538299091514e-05
tuner,-5.3312122892357215e-06,0.012414234918881752,-0.0442449037712882,0.7201457257658561,1.4817169441734963e-05
tutor,-2.3252395751786573e-05,0.07132110760329358,-0.03991261337359515,0.746578109110721,7.165382488393984e-05
typist,-0.00030982201463066144,0.6229166846209996,-0.6286708866520693,9.448360079935098e-09,4.717513197943188e-05
umpire,-6.0010019796590716e-06,0.0179707050777219,-0.019998975581010874,0.8714047504953923,3.6928118840828186e-05
understudy,-0.00019018593637330005,0.3841353987170612,-0.23819507197945095,0.05045991019945517,9.545311017710428e-05
urologist,3.4846057414090116e-05,-0.06797586100266971,0.4922318915615682,2.0127401778281583e-05,7.585126025963215e-06
usher,-3.1319307081292404e-05,0.07601242834104056,-0.044653527143684146,0.717668843770668,8.624839020182878e-05
valet,-0.00019438752185748536,0.4030784769711356,-0.2758603328213265,0.022785886333050846,8.337193787351365e-05
vendor,-5.874678922961723e-05,0.12784698085652205,-0.13392102410108053,0.27625084347838513,5.350982835964194e-05
ventriloquist,-0.00010697811805110847,0.21758318028266066,-0.2946279923515045,0.014731100449367991,4.271009981234143e-05
veterinarian,-5.621818837988943e-05,0.11984261674668537,-0.19861746487536666,0.104440327702105,3.4146616874377596e-05
vicar,-0.0004358925760282551,0.8953712106253495,-0.3169083041812176,0.008461263724539444,0.0001605798900014827
violinist,-3.897905132626236e-05,0.0830425011748399,-0.16304932833531838,0.18400582916299613,2.9032824020290532e-05
vocalist,8.774649366795837e-05,-0.17139217774453297,0.5116391098865061,8.228357316770752e-06,1.813796530549574e-05
waiter,-0.0028194537182994945,5.703765876349272,-0.7571177530326597,8.002276277128708e-14,0.00029945246459632123
waitress,0.000335853230501867,-0.620776714754976,0.42952899262753647,0.0002569510500807369,8.691572386427523e-05
walker,0.0002949293882408599,-0.5110189708950857,0.12461597474997299,0.3112935964399996,0.0002890505472241837
warden,-0.0012166539900387444,2.4836580075672128,-0.49448142916515003,1.8195365737690565e-05,0.0002632442839911532
washer,2.8500809294334003e-05,-0.04682164898143666,0.1119986163076868,0.36318817613273946,3.112658761422908e-05
watchmaker,-9.458937754435407e-05,0.19089444733124247,-0.28558036863521397,0.0182411107006901,3.9072244133169546e-05
watchman,-0.0006976535059812237,1.4077173186206526,-0.6026921757551955,5.384006786954475e-08,0.00011370010797836122
weapons,0.0012394928810953126,-2.1998155779330295,0.3764955031155921,0.001553970882915922,0.00037542178405110304
weatherman,3.4089638527761486e-05,-0.06263716319082786,0.1441675387459297,0.2408220573447997,2.880196596490237e-05
weaver,-9.532331316070472e-05,0.2152758087097596,-0.06123636040331248,0.6198436718783704,0.0001912502367098008
welder,1.1839614679228476e-05,-0.020538719216944407,0.07780752025152947,0.5282504435606923,1.8673486808040245e-05
worker,-0.00024381353289824596,0.5793169749786877,-0.18585164945841667,0.1291626261793999,0.00015866691383764937
wrapper,2.4881399516162958e-05,-0.04359377480112453,0.1464632254116564,0.2333339311028603,2.0685471568194696e-05
wrestler,-4.521994147644924e-05,0.10370185198628352,-0.09220990029941553,0.45453229193309874,6.010716590785641e-05
writer,5.16748021723614e-05,0.026233563865388,0.03118429755775769,0.8006962545837164,0.00020387295571133544
zookeeper,2.43049961241915e-05,-0.04700485793778087,0.3164104259003861,0.008570592339069318,8.9694574687129e-06
